{
	"info": {
		"_postman_id": "21828e83-4062-4b4b-a95f-36243d7acf9f",
		"name": "InfoAirline",
		"schema": "https://schema.getpostman.com/json/collection/v2.1.0/collection.json"
	},
	"item": [
		{
			"name": "Flight",
			"item": [
				{
					"name": "Get Flight",
					"request": {
						"method": "GET",
						"header": [],
						"url": {
							"raw": "https://localhost:44385/api/flight",
							"protocol": "https",
							"host": [
								"localhost"
							],
							"port": "44385",
							"path": [
								"api",
								"flight"
							]
						}
					},
					"response": []
				},
				{
					"name": "GetById",
					"request": {
						"method": "GET",
						"header": [],
						"url": {
							"raw": "https://localhost:44385/api/flight/1",
							"protocol": "https",
							"host": [
								"localhost"
							],
							"port": "44385",
							"path": [
								"api",
								"flight",
								"1"
							]
						}
					},
					"response": []
				},
				{
					"name": "Add Flight",
					"request": {
						"method": "POST",
						"header": [],
						"body": {
							"mode": "raw",
							"raw": "{\r\n    \"name\": \"testFlight\"\r\n}",
							"options": {
								"raw": {
									"language": "json"
								}
							}
						},
						"url": {
							"raw": "https://localhost:44385/api/flight",
							"protocol": "https",
							"host": [
								"localhost"
							],
							"port": "44385",
							"path": [
								"api",
								"flight"
							]
						}
					},
					"response": []
				},
				{
					"name": "Update flight",
					"request": {
						"method": "PUT",
						"header": [],
						"body": {
							"mode": "raw",
							"raw": "{\r\n    \"id\": 4,\r\n    \"name\": \"updatedFlight\"\r\n}",
							"options": {
								"raw": {
									"language": "json"
								}
							}
						},
						"url": {
							"raw": "https://localhost:44385/api/flight/4",
							"protocol": "https",
							"host": [
								"localhost"
							],
							"port": "44385",
							"path": [
								"api",
								"flight",
								"4"
							]
						}
					},
					"response": []
				},
				{
					"name": "Delete",
					"request": {
						"method": "GET",
						"header": [],
						"url": null
					},
					"response": []
				}
			]
		},
		{
			"name": "Passenger",
			"item": [
				{
					"name": "Get Passenger",
					"request": {
						"method": "GET",
						"header": [],
						"url": {
							"raw": "https://localhost:44385/api/passenger",
							"protocol": "https",
							"host": [
								"localhost"
							],
							"port": "44385",
							"path": [
								"api",
								"passenger"
							]
						}
					},
					"response": []
				},
				{
					"name": "GetById",
					"request": {
						"method": "GET",
						"header": [],
						"url": {
							"raw": "https://localhost:44385/api/flight/1",
							"protocol": "https",
							"host": [
								"localhost"
							],
							"port": "44385",
							"path": [
								"api",
								"flight",
								"1"
							]
						}
					},
					"response": []
				},
				{
					"name": "Add Passenger",
					"request": {
						"method": "POST",
						"header": [],
						"body": {
							"mode": "raw",
							"raw": "{\r\n    \"name\": \"testFlight\"\r\n}",
							"options": {
								"raw": {
									"language": "json"
								}
							}
						},
						"url": {
							"raw": "https://localhost:44385/api/flight",
							"protocol": "https",
							"host": [
								"localhost"
							],
							"port": "44385",
							"path": [
								"api",
								"flight"
							]
						}
					},
					"response": []
				},
				{
					"name": "Update Passenger",
					"request": {
						"method": "PUT",
						"header": [],
						"body": {
							"mode": "raw",
							"raw": "{\r\n    \"passengerId\": 6,\r\n    \"passengerName\": \"Test1\",\r\n    \"phoneNumber\": 9974285426\r\n}",
							"options": {
								"raw": {
									"language": "json"
								}
							}
						},
						"url": {
							"raw": "https://localhost:44385/api/passenger/6",
							"protocol": "https",
							"host": [
								"localhost"
							],
							"port": "44385",
							"path": [
								"api",
								"passenger",
								"6"
							]
						}
					},
					"response": []
				},
				{
					"name": "Delete",
					"request": {
						"method": "DELETE",
						"header": [],
						"url": {
							"raw": "https://localhost:44385/api/passenger/6",
							"protocol": "https",
							"host": [
								"localhost"
							],
							"port": "44385",
							"path": [
								"api",
								"passenger",
								"6"
							]
						}
					},
					"response": []
				}
			]
		},
		{
			"name": "Location",
			"item": [
				{
					"name": "Get Location",
					"request": {
						"method": "GET",
						"header": [],
						"url": null
					},
					"response": []
				},
				{
					"name": "Get by id",
					"request": {
						"method": "GET",
						"header": [],
						"url": {
							"raw": "https://localhost:44385/api/location/1",
							"protocol": "https",
							"host": [
								"localhost"
							],
							"port": "44385",
							"path": [
								"api",
								"location",
								"1"
							]
						}
					},
					"response": []
				},
				{
					"name": "Add Location",
					"request": {
						"method": "POST",
						"header": [],
						"body": {
							"mode": "raw",
							"raw": "{\r\n    \"locationName\": \"Surat\"\r\n}",
							"options": {
								"raw": {
									"language": "json"
								}
							}
						},
						"url": {
							"raw": "https://localhost:44385/api/location",
							"protocol": "https",
							"host": [
								"localhost"
							],
							"port": "44385",
							"path": [
								"api",
								"location"
							]
						}
					},
					"response": []
				},
				{
					"name": "Update",
					"request": {
						"method": "PUT",
						"header": [],
						"body": {
							"mode": "raw",
							"raw": "{\r\n    \"locationId\": 6,\r\n    \"locationName\": \"Vadodara\"\r\n}",
							"options": {
								"raw": {
									"language": "json"
								}
							}
						},
						"url": {
							"raw": "https://localhost:44385/api/location/6",
							"protocol": "https",
							"host": [
								"localhost"
							],
							"port": "44385",
							"path": [
								"api",
								"location",
								"6"
							]
						}
					},
					"response": []
				},
				{
					"name": "Delete",
					"request": {
						"method": "DELETE",
						"header": [],
						"url": {
							"raw": "https://localhost:44385/api/location/6",
							"protocol": "https",
							"host": [
								"localhost"
							],
							"port": "44385",
							"path": [
								"api",
								"location",
								"6"
							]
						}
					},
					"response": []
				}
			]
		}
	]
}